sector,n_registros,f1_macro,recall_+90,degradacion_f1_macro_pct
retail,368,0.5352585511943053,0.5652173913043478,6.095026012812446
tecnologia,316,0.5429464027046415,0.635593220338983,4.746280636424417
manufactura,737,0.5478473100154516,0.6770428015564203,3.8864726566950454
construccion,686,0.5509689519767157,0.5564516129032258,3.3388163763502523
agro,439,0.5597693699921747,0.5609756097560976,1.7948839665379615
salud,525,0.5792561961682271,0.44525547445255476,-1.6238561938425167
transporte,589,0.5809600123437519,0.5882352941176471,-1.92277120096312
servicios,276,0.6222344296064112,0.5,-9.163894338068037
